date,ReproBrainChart/BHRC_BIDS,ReproBrainChart/BHRC_CPAC,ReproBrainChart/BHRC_FreeSurfer,ReproBrainChart/CCNP_BIDS,ReproBrainChart/CCNP_CPAC,ReproBrainChart/CCNP_FreeSurfer,ReproBrainChart/HBN_BIDS,ReproBrainChart/HBN_CPAC,ReproBrainChart/HBN_FreeSurfer,ReproBrainChart/NKI_BIDS,ReproBrainChart/NKI_CPAC,ReproBrainChart/NKI_FreeSurfer,ReproBrainChart/PNC_BIDS,ReproBrainChart/PNC_CPAC,ReproBrainChart/PNC_FreeSurfer,Overall
2024-04-18,1,1,0.0,0.0,0.0,0.0,0.0,0.0,0.0,1,1,0.0,0.0,0.0,0.0,4.0
2024-04-19,1,1,0.0,0.0,0.0,0.0,0.0,0.0,0.0,1,1,0.0,0.0,0.0,0.0,4.0
2024-04-20,1,1,0.0,0.0,0.0,0.0,0.0,0.0,0.0,1,1,0.0,0.0,0.0,0.0,4.0
2024-04-21,1,1,0.0,0.0,0.0,0.0,0.0,0.0,0.0,1,1,0.0,0.0,0.0,0.0,4.0
2024-04-22,1,1,0.0,0.0,0.0,0.0,0.0,0.0,0.0,1,1,0.0,0.0,0.0,0.0,4.0
2024-04-23,1,1,0.0,0.0,0.0,0.0,0.0,0.0,0.0,1,1,0.0,0.0,0.0,0.0,4.0
2024-04-24,1,1,0.0,0.0,0.0,0.0,0.0,0.0,0.0,1,1,0.0,0.0,0.0,0.0,4.0
2024-04-25,1,1,0.0,0.0,0.0,0.0,0.0,0.0,0.0,1,1,0.0,0.0,0.0,0.0,4.0
2024-04-26,1,1,0.0,0.0,0.0,0.0,0.0,0.0,0.0,1,1,0.0,0.0,0.0,0.0,4.0
2024-04-27,1,1,0.0,0.0,0.0,0.0,0.0,0.0,0.0,1,1,0.0,0.0,0.0,0.0,4.0
2024-04-28,1,1,0.0,0.0,0.0,0.0,0.0,0.0,0.0,1,1,0.0,0.0,0.0,0.0,4.0
2024-04-29,1,1,0.0,0.0,0.0,0.0,0.0,0.0,0.0,1,1,0.0,0.0,0.0,0.0,4.0
2024-04-30,1,2,0.0,0.0,0.0,0.0,0.0,0.0,0.0,1,1,0.0,0.0,0.0,0.0,5.0
2024-05-01,2,3,1.0,1.0,1.0,1.0,1.0,2.0,1.0,2,2,1.0,1.0,1.0,2.0,22.0
2024-05-02,2,3,1.0,1.0,1.0,1.0,1.0,2.0,1.0,2,2,1.0,1.0,1.0,2.0,22.0
2024-05-03,2,3,1.0,1.0,1.0,1.0,1.0,2.0,1.0,2,2,1.0,1.0,1.0,2.0,22.0
2024-05-04,2,3,1.0,1.0,1.0,1.0,1.0,2.0,1.0,2,2,1.0,1.0,1.0,2.0,22.0
2024-05-05,2,3,1.0,1.0,1.0,1.0,1.0,2.0,1.0,2,2,1.0,1.0,1.0,2.0,22.0
2024-05-06,2,3,1.0,1.0,1.0,1.0,1.0,2.0,1.0,2,2,1.0,1.0,1.0,2.0,22.0
2024-05-07,2,3,1.0,1.0,1.0,1.0,1.0,2.0,1.0,2,2,1.0,1.0,1.0,2.0,22.0
2024-05-08,4,3,1.0,2.0,1.0,1.0,2.0,2.0,1.0,3,2,1.0,2.0,1.0,2.0,28.0
2024-05-09,4,3,1.0,2.0,1.0,1.0,2.0,2.0,1.0,3,2,1.0,2.0,1.0,2.0,28.0
2024-05-10,4,3,2.0,2.0,1.0,2.0,2.0,2.0,2.0,3,2,2.0,2.0,1.0,3.0,33.0
2024-05-11,4,3,2.0,2.0,1.0,2.0,2.0,2.0,2.0,3,2,2.0,2.0,1.0,3.0,33.0
2024-05-12,4,3,2.0,2.0,1.0,2.0,2.0,2.0,2.0,3,2,2.0,2.0,1.0,3.0,33.0
2024-05-13,5,4,3.0,3.0,2.0,3.0,3.0,3.0,3.0,4,3,3.0,3.0,2.0,4.0,48.0
2024-05-14,5,4,3.0,3.0,2.0,3.0,3.0,3.0,3.0,4,3,3.0,3.0,2.0,4.0,48.0
2024-05-15,5,4,3.0,3.0,2.0,3.0,3.0,3.0,3.0,4,3,3.0,3.0,2.0,4.0,48.0
2024-05-16,5,4,3.0,3.0,2.0,3.0,3.0,3.0,3.0,4,3,3.0,3.0,2.0,4.0,48.0
2024-05-17,5,4,3.0,3.0,2.0,3.0,3.0,3.0,3.0,4,3,3.0,3.0,2.0,4.0,48.0
2024-05-18,5,4,3.0,3.0,2.0,3.0,3.0,3.0,3.0,6,3,3.0,3.0,2.0,4.0,50.0
2024-05-19,5,4,3.0,3.0,2.0,3.0,3.0,3.0,3.0,8,3,3.0,3.0,2.0,4.0,52.0
2024-05-20,5,4,3.0,3.0,2.0,3.0,3.0,3.0,3.0,8,3,3.0,3.0,2.0,5.0,53.0
2024-05-21,5,4,3.0,3.0,2.0,3.0,3.0,3.0,3.0,8,3,3.0,3.0,2.0,5.0,53.0
2024-05-22,9,8,7.0,7.0,4.0,7.0,6.0,5.0,7.0,13,4,8.0,7.0,4.0,9.0,105.0
2024-05-23,10,9,8.0,8.0,5.0,8.0,7.0,8.0,8.0,14,5,9.0,8.0,5.0,10.0,122.0
2024-05-24,10,9,8.0,8.0,5.0,8.0,7.0,11.0,8.0,14,5,9.0,8.0,5.0,10.0,125.0
2024-05-25,10,9,8.0,8.0,6.0,8.0,7.0,11.0,8.0,14,5,9.0,8.0,5.0,10.0,126.0
2024-05-26,10,9,8.0,8.0,6.0,8.0,7.0,11.0,8.0,14,5,9.0,8.0,5.0,10.0,126.0
2024-05-27,10,9,8.0,8.0,6.0,8.0,7.0,11.0,8.0,14,5,9.0,8.0,5.0,10.0,126.0
2024-05-28,10,9,8.0,8.0,6.0,8.0,7.0,11.0,8.0,14,5,9.0,8.0,5.0,10.0,126.0
2024-05-29,10,9,9.0,8.0,6.0,8.0,7.0,11.0,8.0,14,5,9.0,8.0,5.0,10.0,127.0
2024-05-30,25,10,13.0,20.0,16.0,19.0,8.0,12.0,13.0,20,6,13.0,20.0,7.0,17.0,219.0
2024-05-31,26,11,15.0,21.0,23.0,27.0,9.0,14.0,16.0,21,9,19.0,21.0,8.0,19.0,259.0
2024-06-01,26,11,15.0,21.0,23.0,27.0,10.0,14.0,16.0,21,9,19.0,21.0,8.0,19.0,260.0
2024-06-02,26,11,15.0,21.0,23.0,27.0,10.0,14.0,16.0,21,9,19.0,21.0,8.0,19.0,260.0
2024-06-03,27,13,17.0,22.0,27.0,30.0,11.0,17.0,18.0,22,12,21.0,22.0,11.0,22.0,292.0
2024-06-04,28,15,19.0,23.0,33.0,32.0,13.0,21.0,21.0,23,15,24.0,23.0,13.0,24.0,327.0
2024-06-05,28,15,19.0,23.0,44.0,32.0,13.0,26.0,21.0,23,15,24.0,23.0,13.0,24.0,343.0
2024-06-06,28,17,19.0,23.0,44.0,32.0,13.0,26.0,21.0,24,19,24.0,23.0,13.0,24.0,350.0
2024-06-07,28,19,22.0,23.0,46.0,34.0,13.0,28.0,23.0,24,21,26.0,23.0,15.0,26.0,371.0
2024-06-08,28,21,24.0,23.0,46.0,36.0,13.0,28.0,24.0,24,21,27.0,23.0,17.0,27.0,382.0
2024-06-09,28,21,24.0,23.0,46.0,36.0,13.0,28.0,24.0,24,21,27.0,23.0,17.0,27.0,382.0
2024-06-10,28,22,25.0,23.0,48.0,36.0,13.0,90.0,24.0,25,22,27.0,23.0,17.0,27.0,450.0
2024-06-11,28,23,26.0,23.0,49.0,38.0,15.0,103.0,27.0,25,23,29.0,23.0,19.0,31.0,482.0
2024-06-12,28,23,26.0,23.0,49.0,39.0,15.0,103.0,27.0,25,23,29.0,23.0,19.0,32.0,484.0
2024-06-13,28,23,26.0,23.0,49.0,39.0,16.0,103.0,27.0,25,23,31.0,23.0,19.0,32.0,487.0
2024-06-14,29,23,26.0,23.0,53.0,39.0,19.0,104.0,27.0,26,23,32.0,23.0,19.0,32.0,498.0
2024-06-15,29,23,26.0,23.0,53.0,39.0,19.0,104.0,27.0,26,23,32.0,23.0,19.0,32.0,498.0
2024-06-16,29,23,26.0,23.0,53.0,39.0,19.0,104.0,28.0,26,23,32.0,23.0,19.0,32.0,499.0
2024-06-17,31,24,27.0,26.0,59.0,39.0,25.0,104.0,28.0,28,23,32.0,24.0,19.0,33.0,522.0
2024-06-18,31,27,27.0,26.0,62.0,39.0,25.0,107.0,28.0,28,26,32.0,24.0,20.0,33.0,535.0
2024-06-19,31,27,27.0,26.0,62.0,39.0,25.0,107.0,28.0,28,26,32.0,24.0,20.0,33.0,535.0
2024-06-20,31,27,27.0,26.0,62.0,39.0,25.0,107.0,28.0,28,26,32.0,24.0,20.0,33.0,535.0
2024-06-21,31,31,27.0,26.0,70.0,40.0,25.0,108.0,28.0,28,29,32.0,24.0,21.0,35.0,555.0
2024-06-22,33,31,27.0,26.0,70.0,40.0,25.0,108.0,28.0,30,29,32.0,24.0,21.0,35.0,559.0
2024-06-23,33,31,27.0,26.0,70.0,40.0,25.0,108.0,28.0,30,32,34.0,24.0,22.0,36.0,566.0
2024-06-24,33,31,27.0,26.0,70.0,40.0,25.0,108.0,28.0,30,32,34.0,24.0,22.0,36.0,566.0
2024-06-25,33,31,27.0,26.0,70.0,40.0,25.0,108.0,28.0,30,32,34.0,24.0,22.0,36.0,566.0
2024-06-26,33,31,28.0,27.0,70.0,40.0,25.0,108.0,28.0,30,32,34.0,24.0,22.0,36.0,568.0
2024-06-27,33,31,28.0,27.0,70.0,40.0,25.0,108.0,28.0,30,32,34.0,24.0,22.0,36.0,568.0
2024-06-28,33,31,29.0,27.0,70.0,40.0,25.0,109.0,29.0,30,33,34.0,24.0,23.0,36.0,573.0
2024-06-29,33,31,29.0,27.0,70.0,40.0,25.0,109.0,29.0,30,33,34.0,24.0,23.0,36.0,573.0
2024-06-30,33,31,29.0,27.0,70.0,40.0,25.0,109.0,29.0,30,33,34.0,24.0,23.0,36.0,573.0
2024-07-01,33,33,30.0,29.0,71.0,40.0,26.0,111.0,29.0,31,35,34.0,25.0,25.0,36.0,588.0
2024-07-02,33,33,30.0,29.0,71.0,40.0,26.0,111.0,29.0,31,35,34.0,25.0,25.0,36.0,588.0
2024-07-03,33,33,30.0,29.0,71.0,40.0,26.0,111.0,29.0,31,35,34.0,25.0,25.0,36.0,588.0
2024-07-04,33,33,30.0,29.0,71.0,40.0,26.0,111.0,29.0,31,35,34.0,25.0,25.0,36.0,588.0
2024-07-05,33,33,30.0,29.0,71.0,40.0,26.0,111.0,30.0,31,35,34.0,25.0,25.0,36.0,589.0
2024-07-06,33,33,30.0,29.0,71.0,40.0,26.0,111.0,30.0,31,35,34.0,25.0,25.0,36.0,589.0
2024-07-07,33,33,30.0,29.0,71.0,40.0,26.0,111.0,30.0,31,35,34.0,25.0,25.0,36.0,589.0
2024-07-08,33,33,30.0,29.0,71.0,40.0,26.0,111.0,30.0,31,35,34.0,26.0,25.0,36.0,590.0
2024-07-09,33,33,30.0,30.0,71.0,41.0,28.0,111.0,31.0,32,35,36.0,27.0,25.0,37.0,600.0
2024-07-10,33,33,30.0,30.0,71.0,41.0,28.0,111.0,31.0,32,35,36.0,27.0,25.0,37.0,600.0
2024-07-11,33,33,30.0,30.0,71.0,41.0,28.0,111.0,31.0,32,35,36.0,27.0,25.0,37.0,600.0
2024-07-12,33,33,30.0,30.0,71.0,41.0,28.0,111.0,31.0,32,35,36.0,27.0,25.0,37.0,600.0
2024-07-13,33,33,30.0,30.0,71.0,41.0,28.0,112.0,31.0,32,35,36.0,27.0,25.0,37.0,601.0
2024-07-14,33,33,30.0,30.0,71.0,41.0,28.0,112.0,31.0,32,35,36.0,27.0,25.0,37.0,601.0
2024-07-15,33,33,30.0,30.0,71.0,41.0,28.0,112.0,31.0,32,35,36.0,27.0,25.0,37.0,601.0
2024-07-16,33,33,30.0,32.0,71.0,41.0,28.0,112.0,31.0,32,35,36.0,27.0,25.0,37.0,603.0
2024-07-17,33,33,30.0,32.0,71.0,41.0,28.0,112.0,31.0,32,35,36.0,27.0,25.0,37.0,603.0
2024-07-18,33,33,30.0,35.0,73.0,41.0,28.0,112.0,31.0,32,35,36.0,27.0,25.0,44.0,615.0
2024-07-19,33,33,30.0,38.0,80.0,41.0,28.0,112.0,31.0,32,35,36.0,27.0,25.0,46.0,627.0
2024-07-20,33,33,30.0,38.0,82.0,41.0,28.0,112.0,31.0,32,35,37.0,27.0,25.0,47.0,631.0
2024-07-21,33,33,30.0,38.0,82.0,41.0,28.0,112.0,31.0,32,35,37.0,27.0,25.0,47.0,631.0
2024-07-22,33,33,30.0,38.0,82.0,41.0,28.0,112.0,31.0,32,35,37.0,27.0,25.0,47.0,631.0
2024-07-23,33,33,30.0,38.0,82.0,41.0,29.0,112.0,31.0,32,35,37.0,27.0,25.0,47.0,632.0
2024-07-24,33,33,30.0,38.0,82.0,41.0,29.0,112.0,31.0,32,35,37.0,27.0,25.0,47.0,632.0
2024-07-25,33,33,30.0,38.0,82.0,41.0,29.0,112.0,31.0,32,35,37.0,27.0,25.0,47.0,632.0
2024-07-26,33,33,30.0,38.0,82.0,41.0,29.0,113.0,31.0,32,37,37.0,27.0,25.0,47.0,635.0
2024-07-27,33,33,30.0,38.0,82.0,41.0,29.0,113.0,31.0,32,37,37.0,27.0,25.0,47.0,635.0
2024-07-28,33,33,30.0,38.0,82.0,41.0,29.0,113.0,31.0,32,37,37.0,27.0,25.0,47.0,635.0
2024-07-29,33,33,30.0,38.0,82.0,41.0,29.0,113.0,31.0,32,37,37.0,27.0,25.0,47.0,635.0
2024-07-30,33,33,30.0,38.0,82.0,41.0,29.0,113.0,32.0,32,37,37.0,27.0,25.0,47.0,636.0
2024-07-31,33,33,30.0,38.0,82.0,41.0,29.0,113.0,32.0,32,37,37.0,27.0,25.0,47.0,636.0
2024-08-01,34,33,30.0,38.0,82.0,42.0,29.0,113.0,32.0,32,37,37.0,27.0,25.0,47.0,638.0
2024-08-02,34,33,30.0,38.0,82.0,42.0,29.0,113.0,32.0,32,37,37.0,27.0,25.0,47.0,638.0
2024-08-03,34,33,30.0,38.0,82.0,42.0,29.0,113.0,32.0,32,37,37.0,27.0,25.0,47.0,638.0
2024-08-04,34,33,30.0,38.0,82.0,42.0,29.0,113.0,32.0,32,37,37.0,27.0,25.0,47.0,638.0
2024-08-05,34,33,30.0,38.0,82.0,42.0,29.0,113.0,32.0,32,37,37.0,27.0,25.0,47.0,638.0
2024-08-06,34,33,30.0,38.0,82.0,42.0,29.0,113.0,32.0,32,37,37.0,27.0,25.0,47.0,638.0
2024-08-07,34,33,30.0,38.0,82.0,42.0,29.0,113.0,32.0,32,37,37.0,27.0,25.0,47.0,638.0
2024-08-08,34,33,30.0,38.0,82.0,42.0,29.0,113.0,32.0,32,37,37.0,28.0,25.0,47.0,639.0
2024-08-09,34,33,30.0,39.0,82.0,42.0,29.0,113.0,32.0,32,37,37.0,28.0,25.0,47.0,640.0
2024-08-10,35,33,30.0,39.0,82.0,42.0,29.0,113.0,32.0,33,37,37.0,28.0,25.0,47.0,642.0
2024-08-11,35,33,30.0,39.0,82.0,42.0,29.0,113.0,32.0,33,39,37.0,28.0,25.0,47.0,644.0
2024-08-12,35,33,30.0,39.0,82.0,42.0,29.0,113.0,32.0,33,39,37.0,28.0,26.0,47.0,645.0
2024-08-13,35,33,30.0,39.0,82.0,42.0,29.0,113.0,32.0,34,39,38.0,28.0,26.0,47.0,647.0
2024-08-14,35,33,30.0,39.0,82.0,42.0,29.0,114.0,32.0,34,39,38.0,28.0,26.0,47.0,648.0
2024-08-15,35,33,30.0,39.0,83.0,42.0,29.0,114.0,32.0,34,39,38.0,28.0,26.0,47.0,649.0
2024-08-16,35,33,30.0,39.0,83.0,42.0,29.0,114.0,32.0,34,39,38.0,28.0,26.0,47.0,649.0
2024-08-17,35,33,30.0,39.0,83.0,42.0,29.0,114.0,32.0,34,39,38.0,28.0,26.0,47.0,649.0
2024-08-18,35,33,31.0,39.0,83.0,42.0,29.0,114.0,32.0,34,39,38.0,28.0,28.0,48.0,653.0
2024-08-19,35,33,31.0,39.0,83.0,42.0,29.0,114.0,32.0,34,39,38.0,28.0,29.0,48.0,654.0
2024-08-20,35,33,31.0,39.0,83.0,42.0,29.0,114.0,32.0,34,39,38.0,28.0,29.0,48.0,654.0
2024-08-21,35,33,31.0,39.0,83.0,42.0,29.0,114.0,32.0,35,39,38.0,28.0,29.0,48.0,655.0
2024-08-22,35,33,31.0,39.0,83.0,42.0,30.0,114.0,32.0,35,39,38.0,28.0,29.0,48.0,656.0
2024-08-23,35,33,31.0,39.0,83.0,42.0,30.0,115.0,32.0,35,39,38.0,29.0,29.0,48.0,658.0
2024-08-24,35,33,31.0,39.0,83.0,42.0,30.0,115.0,32.0,35,39,38.0,29.0,29.0,48.0,658.0
2024-08-25,35,33,31.0,39.0,83.0,42.0,30.0,115.0,32.0,35,39,38.0,29.0,29.0,48.0,658.0
2024-08-26,35,33,31.0,39.0,83.0,42.0,30.0,115.0,32.0,35,39,38.0,29.0,29.0,48.0,658.0
2024-08-27,35,33,31.0,39.0,83.0,42.0,30.0,115.0,32.0,35,39,38.0,29.0,29.0,48.0,658.0
2024-08-28,35,33,31.0,39.0,83.0,42.0,30.0,115.0,32.0,35,39,38.0,30.0,29.0,48.0,659.0
2024-08-29,35,33,31.0,39.0,83.0,42.0,31.0,115.0,32.0,38,39,38.0,30.0,29.0,49.0,664.0
2024-08-30,35,33,31.0,39.0,83.0,42.0,31.0,115.0,32.0,38,39,38.0,30.0,29.0,49.0,664.0
2024-08-31,35,33,34.0,41.0,83.0,44.0,31.0,115.0,34.0,39,39,41.0,30.0,29.0,51.0,679.0
2024-09-01,35,33,34.0,41.0,83.0,44.0,31.0,115.0,34.0,39,39,41.0,30.0,29.0,54.0,682.0
2024-09-02,35,33,34.0,41.0,83.0,44.0,31.0,115.0,34.0,39,39,41.0,30.0,30.0,54.0,683.0
2024-09-03,35,33,34.0,41.0,83.0,44.0,31.0,115.0,34.0,40,39,41.0,30.0,30.0,54.0,684.0
2024-09-04,35,33,34.0,41.0,83.0,44.0,31.0,115.0,34.0,40,39,41.0,30.0,31.0,54.0,685.0
2024-09-05,36,33,34.0,41.0,83.0,44.0,31.0,115.0,34.0,40,39,41.0,30.0,31.0,54.0,686.0
2024-09-06,36,33,34.0,41.0,83.0,44.0,31.0,115.0,34.0,40,39,41.0,30.0,31.0,54.0,686.0
2024-09-07,36,33,34.0,41.0,83.0,44.0,31.0,115.0,34.0,40,39,41.0,30.0,31.0,54.0,686.0
2024-09-08,36,33,34.0,41.0,83.0,44.0,31.0,115.0,34.0,40,39,41.0,30.0,31.0,54.0,686.0
2024-09-09,36,33,34.0,41.0,83.0,44.0,32.0,115.0,34.0,40,39,43.0,31.0,31.0,54.0,690.0
2024-09-10,36,33,36.0,41.0,83.0,44.0,32.0,115.0,37.0,40,39,43.0,31.0,31.0,57.0,698.0
2024-09-11,39,34,36.0,44.0,83.0,46.0,32.0,115.0,39.0,40,39,46.0,31.0,31.0,57.0,712.0
2024-09-12,39,34,36.0,44.0,83.0,46.0,32.0,115.0,39.0,40,39,46.0,31.0,31.0,57.0,712.0
2024-09-13,39,34,36.0,44.0,83.0,46.0,32.0,115.0,39.0,40,39,46.0,32.0,31.0,57.0,713.0
2024-09-14,39,34,37.0,44.0,83.0,46.0,33.0,115.0,39.0,40,39,46.0,33.0,31.0,58.0,717.0
2024-09-15,39,34,37.0,44.0,83.0,46.0,33.0,115.0,39.0,40,39,46.0,33.0,31.0,58.0,717.0
2024-09-16,39,34,37.0,44.0,83.0,46.0,33.0,115.0,39.0,40,39,46.0,33.0,31.0,58.0,717.0
2024-09-17,39,34,37.0,44.0,83.0,46.0,33.0,115.0,39.0,40,39,46.0,33.0,31.0,58.0,717.0
2024-09-18,39,34,37.0,44.0,83.0,46.0,33.0,115.0,39.0,40,39,46.0,33.0,31.0,58.0,717.0
2024-09-19,39,34,37.0,44.0,83.0,46.0,33.0,115.0,39.0,40,39,46.0,33.0,31.0,58.0,717.0
2024-09-20,39,34,37.0,44.0,83.0,46.0,33.0,115.0,39.0,40,39,46.0,33.0,31.0,58.0,717.0
2024-09-21,39,34,37.0,44.0,83.0,46.0,33.0,115.0,39.0,40,39,46.0,33.0,31.0,58.0,717.0
2024-09-22,39,34,37.0,44.0,83.0,46.0,33.0,115.0,39.0,40,39,46.0,33.0,31.0,58.0,717.0
2024-09-23,39,34,37.0,44.0,83.0,46.0,33.0,116.0,39.0,40,39,46.0,33.0,31.0,58.0,718.0
2024-09-24,39,34,37.0,44.0,84.0,47.0,33.0,116.0,39.0,40,39,46.0,33.0,31.0,59.0,721.0
2024-09-25,39,34,37.0,44.0,84.0,47.0,33.0,116.0,39.0,40,39,46.0,33.0,31.0,59.0,721.0
2024-09-26,39,34,37.0,44.0,84.0,47.0,33.0,119.0,39.0,40,39,46.0,33.0,31.0,59.0,724.0
2024-09-27,39,34,37.0,44.0,84.0,47.0,33.0,120.0,39.0,40,39,46.0,33.0,31.0,59.0,725.0
2024-09-28,39,34,37.0,44.0,84.0,47.0,33.0,120.0,39.0,40,39,46.0,33.0,31.0,59.0,725.0
2024-09-29,39,34,37.0,44.0,84.0,47.0,33.0,120.0,39.0,40,39,46.0,33.0,31.0,59.0,725.0
2024-09-30,39,34,37.0,44.0,84.0,47.0,33.0,120.0,39.0,40,39,46.0,33.0,31.0,59.0,725.0
2024-10-01,39,34,37.0,44.0,84.0,47.0,33.0,120.0,39.0,40,39,46.0,33.0,31.0,59.0,725.0
2024-10-02,39,34,37.0,44.0,84.0,47.0,33.0,121.0,39.0,40,39,46.0,33.0,31.0,59.0,726.0
2024-10-03,42,34,37.0,44.0,84.0,47.0,33.0,122.0,39.0,40,39,46.0,33.0,31.0,59.0,730.0
2024-10-04,45,34,37.0,46.0,84.0,47.0,33.0,122.0,39.0,40,39,46.0,33.0,31.0,59.0,735.0
2024-10-05,45,34,37.0,46.0,84.0,47.0,33.0,122.0,39.0,40,39,46.0,33.0,31.0,59.0,735.0
2024-10-06,45,34,37.0,46.0,84.0,47.0,33.0,122.0,39.0,40,39,46.0,33.0,31.0,59.0,735.0
2024-10-07,45,34,37.0,46.0,84.0,47.0,33.0,122.0,39.0,40,39,46.0,33.0,31.0,59.0,735.0
2024-10-08,45,34,37.0,46.0,84.0,47.0,33.0,122.0,39.0,40,39,46.0,33.0,31.0,59.0,735.0
2024-10-09,45,34,37.0,46.0,84.0,47.0,33.0,122.0,39.0,40,39,46.0,33.0,31.0,59.0,735.0
2024-10-10,45,34,37.0,46.0,84.0,47.0,33.0,122.0,39.0,40,39,46.0,33.0,31.0,59.0,735.0
2024-10-11,45,34,37.0,46.0,84.0,47.0,33.0,122.0,39.0,40,39,46.0,33.0,31.0,59.0,735.0
2024-10-12,45,34,37.0,46.0,84.0,47.0,33.0,122.0,39.0,40,39,46.0,33.0,31.0,59.0,735.0
2024-10-13,45,34,37.0,46.0,84.0,47.0,33.0,122.0,39.0,40,39,46.0,33.0,31.0,59.0,735.0
2024-10-14,45,34,37.0,46.0,84.0,47.0,33.0,122.0,39.0,40,39,46.0,33.0,31.0,59.0,735.0
2024-10-15,45,35,37.0,46.0,84.0,47.0,33.0,122.0,39.0,40,39,46.0,33.0,31.0,59.0,736.0
2024-10-16,45,35,37.0,46.0,84.0,47.0,33.0,122.0,39.0,40,39,46.0,33.0,31.0,59.0,736.0
2024-10-17,45,35,37.0,46.0,84.0,47.0,33.0,122.0,39.0,40,40,46.0,33.0,31.0,59.0,737.0
2024-10-18,45,35,37.0,46.0,84.0,47.0,33.0,122.0,39.0,40,40,46.0,33.0,31.0,59.0,737.0
2024-10-19,45,35,37.0,46.0,84.0,47.0,33.0,122.0,39.0,40,40,46.0,33.0,31.0,59.0,737.0
2024-10-20,45,35,37.0,46.0,84.0,47.0,33.0,122.0,39.0,40,40,46.0,33.0,31.0,59.0,737.0
2024-10-21,45,35,37.0,46.0,84.0,47.0,33.0,122.0,39.0,40,40,46.0,33.0,31.0,59.0,737.0
2024-10-22,45,35,37.0,46.0,84.0,47.0,33.0,122.0,39.0,40,40,46.0,33.0,31.0,59.0,737.0
2024-10-23,45,35,37.0,46.0,84.0,47.0,33.0,122.0,39.0,40,40,46.0,33.0,31.0,59.0,737.0
2024-10-24,45,35,37.0,46.0,84.0,47.0,33.0,122.0,39.0,40,40,46.0,33.0,31.0,59.0,737.0
2024-10-25,46,35,37.0,47.0,84.0,47.0,35.0,122.0,39.0,40,40,46.0,33.0,31.0,59.0,741.0
2024-10-26,46,35,37.0,47.0,84.0,47.0,35.0,122.0,39.0,40,40,46.0,33.0,31.0,59.0,741.0
2024-10-27,46,35,37.0,47.0,84.0,47.0,35.0,122.0,39.0,40,40,46.0,33.0,31.0,59.0,741.0
2024-10-28,46,35,38.0,47.0,84.0,47.0,35.0,122.0,39.0,40,40,46.0,33.0,31.0,59.0,742.0
2024-10-29,46,35,38.0,47.0,84.0,47.0,35.0,122.0,39.0,40,40,46.0,34.0,31.0,59.0,743.0
2024-10-30,46,35,38.0,47.0,84.0,47.0,35.0,122.0,39.0,40,40,46.0,34.0,31.0,59.0,743.0
2024-10-31,46,35,38.0,47.0,84.0,47.0,35.0,122.0,39.0,40,40,46.0,34.0,31.0,59.0,743.0
2024-11-01,46,35,38.0,47.0,84.0,47.0,35.0,122.0,39.0,40,40,46.0,34.0,31.0,59.0,743.0
2024-11-02,46,35,38.0,47.0,84.0,47.0,35.0,122.0,39.0,40,40,46.0,34.0,31.0,59.0,743.0
2024-11-03,46,35,38.0,47.0,85.0,47.0,35.0,122.0,39.0,40,40,46.0,34.0,31.0,59.0,744.0
2024-11-04,46,35,38.0,48.0,85.0,47.0,35.0,122.0,39.0,40,40,46.0,34.0,31.0,59.0,745.0
2024-11-05,46,35,38.0,48.0,85.0,47.0,35.0,122.0,39.0,40,40,46.0,34.0,31.0,59.0,745.0
2024-11-06,46,35,39.0,48.0,85.0,48.0,35.0,122.0,39.0,40,40,46.0,34.0,31.0,60.0,748.0
2024-11-07,46,36,39.0,49.0,86.0,48.0,35.0,125.0,39.0,40,41,46.0,34.0,32.0,60.0,756.0
2024-11-08,46,36,39.0,49.0,86.0,48.0,35.0,125.0,39.0,40,41,46.0,35.0,32.0,60.0,757.0
2024-11-09,46,36,39.0,49.0,86.0,48.0,35.0,125.0,39.0,40,41,46.0,35.0,32.0,60.0,757.0
2024-11-10,46,36,39.0,49.0,86.0,48.0,35.0,125.0,39.0,40,41,46.0,35.0,32.0,60.0,757.0
2024-11-11,46,36,39.0,49.0,86.0,48.0,35.0,125.0,39.0,40,41,46.0,35.0,32.0,60.0,757.0
2024-11-12,46,36,39.0,49.0,86.0,48.0,36.0,126.0,39.0,41,41,46.0,35.0,33.0,60.0,761.0
2024-11-13,46,36,39.0,49.0,86.0,48.0,36.0,126.0,39.0,41,41,46.0,35.0,33.0,60.0,761.0
2024-11-14,46,36,39.0,49.0,86.0,48.0,36.0,126.0,39.0,41,41,46.0,35.0,33.0,60.0,761.0
2024-11-15,46,36,39.0,49.0,86.0,48.0,36.0,126.0,39.0,41,41,46.0,35.0,33.0,61.0,762.0
2024-11-16,46,36,39.0,49.0,86.0,48.0,36.0,126.0,39.0,41,41,46.0,35.0,33.0,61.0,762.0
2024-11-17,46,36,39.0,49.0,86.0,48.0,36.0,126.0,39.0,41,41,46.0,35.0,33.0,61.0,762.0
2024-11-18,46,37,39.0,49.0,86.0,48.0,36.0,126.0,39.0,41,41,46.0,35.0,33.0,61.0,763.0
2024-11-19,47,37,39.0,49.0,86.0,48.0,36.0,127.0,39.0,41,41,46.0,35.0,34.0,61.0,766.0
2024-11-20,47,37,39.0,49.0,86.0,48.0,36.0,127.0,39.0,41,41,46.0,35.0,34.0,61.0,766.0
2024-11-21,47,37,39.0,49.0,87.0,48.0,36.0,127.0,39.0,41,41,46.0,35.0,34.0,61.0,767.0
2024-11-22,47,37,39.0,49.0,87.0,48.0,36.0,127.0,39.0,41,41,46.0,35.0,34.0,62.0,768.0
2024-11-23,47,37,39.0,49.0,87.0,48.0,36.0,127.0,39.0,42,41,46.0,35.0,34.0,62.0,769.0
2024-11-24,47,37,39.0,49.0,87.0,48.0,36.0,127.0,39.0,42,41,46.0,35.0,34.0,62.0,769.0
2024-11-25,47,37,39.0,49.0,87.0,48.0,37.0,127.0,39.0,42,41,46.0,35.0,34.0,62.0,770.0
2024-11-26,47,37,39.0,49.0,87.0,48.0,37.0,127.0,40.0,42,41,46.0,35.0,34.0,62.0,771.0
2024-11-27,47,37,39.0,49.0,87.0,48.0,37.0,127.0,40.0,42,41,46.0,35.0,34.0,62.0,771.0
2024-11-28,47,37,39.0,49.0,87.0,48.0,37.0,127.0,40.0,42,41,46.0,35.0,34.0,62.0,771.0
2024-11-29,47,37,39.0,49.0,87.0,48.0,37.0,127.0,40.0,42,41,46.0,35.0,34.0,62.0,771.0
2024-11-30,47,37,39.0,49.0,87.0,48.0,37.0,127.0,40.0,42,41,46.0,35.0,34.0,62.0,771.0
2024-12-01,47,37,39.0,49.0,87.0,48.0,37.0,127.0,40.0,42,41,46.0,35.0,34.0,62.0,771.0
2024-12-02,47,37,39.0,49.0,87.0,48.0,37.0,127.0,40.0,42,41,46.0,35.0,34.0,62.0,771.0
2024-12-03,47,37,39.0,49.0,87.0,48.0,37.0,127.0,40.0,42,41,46.0,35.0,35.0,63.0,773.0
2024-12-04,47,37,39.0,49.0,87.0,48.0,37.0,127.0,40.0,42,41,47.0,35.0,35.0,63.0,774.0
2024-12-05,47,39,39.0,49.0,88.0,48.0,37.0,127.0,41.0,42,42,47.0,35.0,36.0,63.0,780.0
2024-12-06,48,39,39.0,49.0,88.0,48.0,37.0,127.0,41.0,42,43,47.0,35.0,36.0,63.0,782.0
2024-12-07,48,39,39.0,49.0,88.0,48.0,37.0,127.0,41.0,42,43,47.0,35.0,36.0,63.0,782.0
2024-12-08,48,39,40.0,49.0,88.0,48.0,37.0,127.0,41.0,42,43,47.0,35.0,36.0,63.0,783.0
2024-12-09,48,40,40.0,49.0,88.0,48.0,37.0,127.0,41.0,42,43,47.0,35.0,36.0,63.0,784.0
2024-12-10,48,40,40.0,49.0,88.0,48.0,37.0,127.0,41.0,42,43,48.0,35.0,36.0,63.0,785.0
2024-12-11,48,41,41.0,49.0,88.0,49.0,37.0,127.0,42.0,42,43,48.0,36.0,37.0,65.0,793.0
2024-12-12,48,41,41.0,50.0,88.0,49.0,37.0,128.0,42.0,42,44,48.0,37.0,37.0,66.0,798.0
2024-12-13,48,41,41.0,50.0,88.0,49.0,37.0,128.0,42.0,42,44,48.0,37.0,37.0,66.0,798.0
2024-12-14,48,41,41.0,51.0,88.0,49.0,37.0,128.0,42.0,42,44,48.0,37.0,37.0,66.0,799.0
2024-12-15,48,41,41.0,51.0,88.0,49.0,37.0,128.0,42.0,42,44,48.0,37.0,37.0,66.0,799.0
2024-12-16,48,41,41.0,51.0,88.0,49.0,37.0,128.0,42.0,42,44,48.0,38.0,37.0,66.0,800.0
2024-12-17,48,41,41.0,51.0,88.0,49.0,37.0,128.0,42.0,42,44,48.0,38.0,37.0,66.0,800.0
2024-12-18,48,41,41.0,51.0,88.0,49.0,37.0,128.0,42.0,42,44,48.0,38.0,37.0,66.0,800.0
2024-12-19,48,41,41.0,51.0,88.0,49.0,37.0,128.0,42.0,42,44,48.0,38.0,37.0,66.0,800.0
2024-12-20,48,41,41.0,51.0,88.0,49.0,37.0,128.0,42.0,42,44,48.0,38.0,37.0,66.0,800.0
2024-12-21,48,41,41.0,51.0,88.0,49.0,37.0,128.0,42.0,42,44,48.0,38.0,37.0,66.0,800.0
2024-12-22,48,41,41.0,51.0,88.0,49.0,37.0,128.0,42.0,42,44,48.0,38.0,37.0,66.0,800.0
2024-12-23,48,41,41.0,51.0,88.0,49.0,37.0,128.0,42.0,42,44,48.0,38.0,37.0,66.0,800.0
2024-12-24,48,41,42.0,51.0,88.0,49.0,37.0,128.0,42.0,43,44,48.0,38.0,37.0,66.0,802.0
2024-12-25,48,41,42.0,51.0,88.0,49.0,37.0,128.0,42.0,43,44,48.0,38.0,37.0,66.0,802.0
2024-12-26,48,41,42.0,51.0,88.0,49.0,37.0,128.0,42.0,43,44,48.0,38.0,37.0,66.0,802.0
2024-12-27,48,41,42.0,51.0,88.0,49.0,37.0,128.0,42.0,43,44,48.0,38.0,37.0,66.0,802.0
2024-12-28,48,41,42.0,51.0,88.0,49.0,37.0,128.0,42.0,43,44,48.0,38.0,37.0,67.0,803.0
2024-12-29,48,41,42.0,51.0,88.0,49.0,37.0,128.0,42.0,43,44,48.0,38.0,37.0,67.0,803.0
2024-12-30,48,41,42.0,51.0,88.0,49.0,37.0,128.0,42.0,43,44,48.0,38.0,37.0,67.0,803.0
2024-12-31,48,41,42.0,51.0,88.0,49.0,37.0,128.0,42.0,43,44,48.0,38.0,37.0,67.0,803.0
2025-01-01,48,42,42.0,51.0,88.0,49.0,37.0,128.0,42.0,43,44,48.0,38.0,37.0,67.0,804.0
2025-01-02,48,42,42.0,51.0,89.0,49.0,37.0,128.0,42.0,43,44,48.0,38.0,37.0,67.0,805.0
2025-01-03,48,42,42.0,52.0,89.0,49.0,38.0,128.0,42.0,43,44,48.0,38.0,37.0,67.0,807.0
2025-01-04,49,42,42.0,52.0,89.0,49.0,38.0,128.0,42.0,43,44,48.0,38.0,37.0,67.0,808.0
2025-01-05,49,42,42.0,52.0,89.0,49.0,38.0,128.0,42.0,43,44,48.0,38.0,37.0,67.0,808.0
2025-01-06,49,42,42.0,52.0,89.0,49.0,38.0,128.0,42.0,43,44,48.0,38.0,37.0,67.0,808.0
2025-01-07,49,42,42.0,52.0,89.0,49.0,38.0,128.0,42.0,43,44,48.0,38.0,37.0,67.0,808.0
2025-01-08,49,42,42.0,52.0,89.0,49.0,38.0,129.0,42.0,43,44,48.0,38.0,37.0,67.0,809.0
2025-01-09,49,42,42.0,52.0,89.0,49.0,39.0,129.0,42.0,43,44,48.0,38.0,37.0,67.0,810.0
2025-01-10,49,42,42.0,52.0,89.0,49.0,39.0,129.0,42.0,44,44,48.0,38.0,37.0,67.0,811.0
2025-01-11,49,42,42.0,52.0,89.0,49.0,39.0,129.0,42.0,44,44,48.0,38.0,37.0,67.0,811.0
2025-01-12,49,42,42.0,52.0,90.0,49.0,39.0,129.0,42.0,44,44,48.0,38.0,37.0,67.0,812.0
2025-01-13,49,43,42.0,52.0,90.0,50.0,39.0,130.0,42.0,44,44,49.0,38.0,37.0,68.0,817.0
2025-01-14,50,43,42.0,54.0,90.0,50.0,39.0,130.0,42.0,44,44,49.0,42.0,37.0,70.0,826.0
2025-01-15,50,43,42.0,54.0,90.0,50.0,40.0,130.0,42.0,45,44,49.0,42.0,37.0,70.0,828.0
2025-01-16,50,43,42.0,54.0,90.0,50.0,40.0,130.0,42.0,45,44,49.0,42.0,37.0,70.0,828.0
2025-01-17,50,43,42.0,54.0,90.0,50.0,40.0,130.0,42.0,45,44,49.0,42.0,37.0,70.0,828.0
2025-01-18,50,43,42.0,54.0,90.0,50.0,40.0,130.0,42.0,45,44,49.0,42.0,37.0,70.0,828.0
2025-01-19,50,43,42.0,54.0,90.0,50.0,40.0,130.0,42.0,45,44,49.0,42.0,37.0,70.0,828.0
2025-01-20,50,43,42.0,54.0,90.0,50.0,40.0,130.0,42.0,45,44,49.0,42.0,37.0,70.0,828.0
2025-01-21,50,43,42.0,54.0,90.0,50.0,40.0,130.0,42.0,45,44,49.0,42.0,37.0,70.0,828.0
2025-01-22,50,44,42.0,54.0,90.0,50.0,40.0,130.0,42.0,45,44,49.0,42.0,38.0,70.0,830.0
2025-01-23,50,44,42.0,54.0,90.0,50.0,40.0,130.0,42.0,45,44,49.0,42.0,38.0,70.0,830.0
2025-01-24,50,44,42.0,54.0,90.0,50.0,40.0,130.0,42.0,45,44,49.0,42.0,38.0,70.0,830.0
2025-01-25,50,44,42.0,54.0,90.0,50.0,40.0,130.0,42.0,45,44,49.0,42.0,38.0,70.0,830.0
2025-01-26,50,44,42.0,54.0,90.0,50.0,41.0,130.0,42.0,45,44,49.0,42.0,38.0,71.0,832.0
2025-01-27,50,44,42.0,54.0,90.0,50.0,41.0,131.0,45.0,45,44,49.0,42.0,38.0,71.0,836.0
2025-01-28,50,44,42.0,54.0,90.0,50.0,41.0,131.0,45.0,45,44,49.0,42.0,38.0,71.0,836.0
2025-01-29,50,44,42.0,54.0,90.0,50.0,41.0,131.0,45.0,45,44,49.0,42.0,38.0,71.0,836.0
2025-01-30,50,44,43.0,54.0,90.0,50.0,41.0,131.0,45.0,45,44,49.0,42.0,38.0,71.0,837.0
2025-01-31,50,44,43.0,54.0,90.0,51.0,41.0,131.0,47.0,45,44,49.0,42.0,38.0,71.0,840.0
2025-02-01,52,44,43.0,54.0,90.0,51.0,42.0,132.0,50.0,45,44,49.0,42.0,38.0,72.0,848.0
2025-02-02,52,44,43.0,54.0,90.0,51.0,42.0,132.0,50.0,45,44,49.0,42.0,38.0,72.0,848.0
2025-02-03,52,45,44.0,54.0,90.0,51.0,42.0,132.0,50.0,45,44,49.0,42.0,38.0,74.0,852.0
2025-02-04,52,45,44.0,54.0,90.0,51.0,42.0,133.0,50.0,45,44,49.0,42.0,38.0,74.0,853.0
2025-02-05,52,45,44.0,54.0,90.0,51.0,42.0,133.0,50.0,45,44,49.0,42.0,38.0,76.0,855.0
2025-02-06,52,45,44.0,54.0,90.0,51.0,42.0,133.0,50.0,45,44,49.0,42.0,38.0,76.0,855.0
2025-02-07,52,45,44.0,54.0,90.0,51.0,44.0,133.0,50.0,45,45,49.0,42.0,39.0,77.0,860.0
2025-02-08,52,45,44.0,54.0,90.0,51.0,49.0,133.0,50.0,45,45,49.0,42.0,39.0,77.0,865.0
2025-02-09,52,45,44.0,54.0,90.0,51.0,49.0,133.0,50.0,45,45,49.0,42.0,39.0,78.0,866.0
2025-02-10,52,45,44.0,54.0,90.0,51.0,49.0,133.0,50.0,45,46,49.0,42.0,39.0,78.0,867.0
2025-02-11,52,45,44.0,54.0,90.0,51.0,50.0,133.0,50.0,45,46,49.0,42.0,39.0,78.0,868.0
2025-02-12,53,46,44.0,55.0,91.0,51.0,50.0,134.0,50.0,45,47,49.0,43.0,41.0,80.0,879.0
2025-02-13,53,46,44.0,55.0,91.0,51.0,51.0,138.0,51.0,45,47,49.0,43.0,42.0,80.0,886.0
2025-02-14,54,46,44.0,56.0,91.0,51.0,53.0,138.0,53.0,46,47,49.0,43.0,42.0,80.0,893.0
2025-02-15,54,46,44.0,56.0,91.0,51.0,53.0,138.0,53.0,46,47,49.0,44.0,42.0,80.0,894.0
2025-02-16,55,47,45.0,57.0,91.0,52.0,55.0,138.0,54.0,47,47,50.0,45.0,42.0,80.0,905.0
2025-02-17,55,47,45.0,57.0,91.0,52.0,58.0,138.0,54.0,47,47,50.0,45.0,42.0,80.0,908.0
2025-02-18,55,47,45.0,57.0,91.0,52.0,58.0,138.0,54.0,47,47,50.0,45.0,42.0,80.0,908.0
2025-02-19,55,47,45.0,57.0,91.0,52.0,58.0,138.0,54.0,47,47,50.0,45.0,42.0,80.0,908.0
2025-02-20,55,47,45.0,57.0,91.0,52.0,58.0,139.0,54.0,47,47,50.0,45.0,42.0,80.0,909.0
2025-02-21,55,47,45.0,57.0,91.0,52.0,60.0,140.0,54.0,47,47,50.0,45.0,42.0,80.0,912.0
2025-02-22,55,47,45.0,57.0,91.0,52.0,60.0,140.0,54.0,47,48,50.0,45.0,42.0,80.0,913.0
2025-02-23,55,47,45.0,57.0,91.0,52.0,61.0,140.0,54.0,47,48,50.0,45.0,42.0,80.0,914.0
2025-02-24,55,47,45.0,57.0,91.0,52.0,62.0,140.0,54.0,47,48,50.0,46.0,42.0,80.0,916.0
2025-02-25,55,47,45.0,57.0,91.0,52.0,64.0,142.0,54.0,47,48,50.0,46.0,42.0,80.0,920.0
2025-02-26,55,47,45.0,57.0,91.0,52.0,64.0,142.0,55.0,47,49,52.0,46.0,42.0,80.0,924.0
2025-02-27,55,47,45.0,57.0,91.0,52.0,65.0,144.0,62.0,47,49,52.0,46.0,42.0,80.0,934.0
2025-02-28,55,47,45.0,57.0,91.0,52.0,65.0,144.0,67.0,47,50,52.0,46.0,42.0,80.0,940.0
2025-03-01,55,47,45.0,57.0,91.0,52.0,65.0,144.0,67.0,47,50,52.0,46.0,42.0,80.0,940.0
2025-03-02,55,47,45.0,57.0,91.0,52.0,65.0,144.0,67.0,47,50,52.0,46.0,42.0,80.0,940.0
2025-03-03,55,47,45.0,57.0,91.0,52.0,65.0,149.0,67.0,47,50,52.0,46.0,42.0,89.0,954.0
2025-03-04,55,47,45.0,57.0,91.0,52.0,69.0,152.0,67.0,47,50,52.0,46.0,42.0,96.0,968.0
2025-03-05,55,47,45.0,57.0,91.0,52.0,74.0,152.0,68.0,47,51,52.0,46.0,42.0,96.0,975.0
2025-03-06,56,47,45.0,60.0,91.0,53.0,78.0,152.0,69.0,48,51,52.0,47.0,43.0,96.0,988.0
2025-03-07,56,48,45.0,60.0,91.0,53.0,78.0,154.0,70.0,50,51,52.0,48.0,43.0,96.0,995.0
2025-03-08,56,48,46.0,61.0,91.0,53.0,78.0,154.0,70.0,50,52,52.0,48.0,44.0,96.0,999.0
2025-03-09,56,48,47.0,61.0,92.0,53.0,78.0,154.0,70.0,50,53,53.0,48.0,44.0,96.0,1003.0
2025-03-10,56,48,47.0,61.0,93.0,54.0,78.0,155.0,70.0,50,53,53.0,48.0,44.0,101.0,1011.0
2025-03-11,56,49,47.0,61.0,94.0,54.0,78.0,161.0,74.0,50,56,53.0,48.0,46.0,106.0,1033.0
2025-03-12,56,49,47.0,61.0,94.0,54.0,81.0,165.0,76.0,50,57,53.0,48.0,46.0,106.0,1043.0
2025-03-13,56,49,47.0,61.0,94.0,54.0,89.0,165.0,77.0,50,58,53.0,48.0,48.0,108.0,1057.0
2025-03-14,56,49,47.0,61.0,94.0,54.0,95.0,165.0,77.0,51,58,54.0,49.0,48.0,108.0,1066.0
2025-03-15,56,49,47.0,61.0,94.0,54.0,95.0,165.0,77.0,51,58,54.0,49.0,48.0,108.0,1066.0
2025-03-16,56,49,47.0,61.0,94.0,54.0,95.0,165.0,77.0,51,59,54.0,49.0,48.0,108.0,1067.0
2025-03-17,56,49,47.0,61.0,94.0,54.0,95.0,165.0,77.0,51,59,54.0,50.0,49.0,108.0,1069.0
2025-03-18,56,49,47.0,62.0,94.0,54.0,95.0,165.0,78.0,51,61,54.0,50.0,51.0,110.0,1077.0
2025-03-19,57,49,47.0,64.0,94.0,54.0,97.0,172.0,82.0,53,61,54.0,56.0,51.0,113.0,1104.0
2025-03-20,58,49,47.0,68.0,94.0,54.0,97.0,175.0,83.0,53,62,54.0,56.0,51.0,113.0,1114.0
2025-03-21,58,49,47.0,68.0,94.0,54.0,97.0,175.0,83.0,53,64,55.0,56.0,52.0,114.0,1119.0
2025-03-22,58,49,48.0,68.0,94.0,55.0,97.0,175.0,83.0,53,67,55.0,57.0,52.0,114.0,1125.0
2025-03-23,58,49,48.0,68.0,94.0,55.0,98.0,175.0,83.0,55,70,55.0,57.0,52.0,114.0,1131.0
2025-03-24,58,49,48.0,69.0,94.0,55.0,98.0,175.0,83.0,55,70,55.0,60.0,52.0,114.0,1135.0
2025-03-25,59,50,49.0,69.0,95.0,56.0,98.0,178.0,86.0,55,70,55.0,60.0,53.0,114.0,1147.0
2025-03-26,60,50,49.0,69.0,95.0,56.0,98.0,183.0,86.0,55,70,56.0,60.0,54.0,116.0,1157.0
2025-03-27,61,50,49.0,70.0,95.0,56.0,101.0,185.0,88.0,56,70,56.0,61.0,54.0,116.0,1168.0
2025-03-28,63,50,50.0,71.0,95.0,57.0,104.0,188.0,90.0,58,70,59.0,64.0,55.0,118.0,1192.0
2025-03-29,63,50,50.0,71.0,95.0,57.0,104.0,188.0,90.0,58,70,60.0,64.0,57.0,118.0,1195.0
2025-03-30,63,50,51.0,71.0,95.0,58.0,104.0,188.0,90.0,58,70,60.0,64.0,57.0,119.0,1198.0
2025-03-31,63,51,51.0,71.0,95.0,58.0,106.0,189.0,92.0,64,70,60.0,65.0,61.0,119.0,1215.0
2025-04-01,64,51,51.0,72.0,95.0,58.0,107.0,191.0,93.0,66,71,60.0,65.0,62.0,119.0,1225.0
2025-04-02,64,51,51.0,72.0,95.0,58.0,107.0,192.0,93.0,66,71,60.0,65.0,62.0,119.0,1226.0
2025-04-03,64,54,53.0,74.0,99.0,61.0,110.0,200.0,97.0,66,72,68.0,65.0,63.0,120.0,1266.0
2025-04-04,64,62,53.0,74.0,100.0,61.0,110.0,200.0,97.0,71,72,68.0,65.0,66.0,120.0,1283.0
2025-04-05,64,62,53.0,74.0,100.0,61.0,110.0,201.0,97.0,71,72,68.0,65.0,66.0,120.0,1284.0
2025-04-06,64,62,53.0,74.0,100.0,61.0,111.0,201.0,97.0,71,73,68.0,65.0,66.0,120.0,1286.0
2025-04-07,64,62,53.0,74.0,100.0,61.0,111.0,201.0,98.0,71,73,68.0,65.0,66.0,120.0,1287.0
2025-04-08,64,62,53.0,74.0,100.0,61.0,111.0,201.0,98.0,71,73,68.0,65.0,66.0,120.0,1287.0
2025-04-09,65,62,53.0,75.0,100.0,61.0,112.0,201.0,99.0,71,76,70.0,66.0,67.0,120.0,1298.0
2025-04-10,65,62,53.0,75.0,100.0,61.0,112.0,201.0,99.0,71,76,70.0,66.0,67.0,120.0,1298.0
2025-04-11,65,62,53.0,75.0,100.0,61.0,112.0,201.0,99.0,71,76,71.0,66.0,67.0,120.0,1299.0
2025-04-12,65,62,53.0,75.0,100.0,61.0,112.0,201.0,99.0,71,76,71.0,66.0,69.0,120.0,1301.0
2025-04-13,65,62,53.0,75.0,100.0,61.0,112.0,201.0,99.0,71,76,71.0,66.0,70.0,120.0,1302.0
2025-04-14,65,62,53.0,75.0,100.0,61.0,112.0,201.0,99.0,71,76,72.0,66.0,72.0,120.0,1305.0
2025-04-15,66,63,53.0,76.0,100.0,61.0,113.0,202.0,99.0,71,76,72.0,68.0,73.0,122.0,1315.0
2025-04-16,66,63,53.0,76.0,100.0,61.0,113.0,202.0,99.0,71,76,72.0,69.0,75.0,124.0,1320.0
2025-04-17,66,63,53.0,76.0,103.0,61.0,113.0,202.0,99.0,71,76,72.0,69.0,76.0,124.0,1324.0
2025-04-18,66,63,53.0,76.0,103.0,61.0,114.0,202.0,99.0,71,76,72.0,69.0,77.0,124.0,1326.0
2025-04-19,66,63,53.0,76.0,103.0,61.0,114.0,202.0,99.0,71,77,72.0,69.0,77.0,124.0,1327.0
2025-04-20,66,64,53.0,76.0,103.0,61.0,114.0,202.0,99.0,71,81,72.0,69.0,77.0,124.0,1332.0
2025-04-21,66,64,54.0,76.0,103.0,62.0,119.0,202.0,100.0,71,81,73.0,70.0,77.0,127.0,1345.0
2025-04-22,67,64,54.0,77.0,103.0,62.0,122.0,206.0,102.0,71,81,73.0,71.0,77.0,127.0,1357.0
2025-04-23,67,64,54.0,77.0,103.0,62.0,122.0,206.0,102.0,71,81,73.0,71.0,77.0,127.0,1357.0
2025-04-24,67,64,54.0,77.0,103.0,62.0,123.0,207.0,102.0,71,81,73.0,71.0,77.0,127.0,1359.0
2025-04-25,67,64,54.0,77.0,103.0,62.0,129.0,207.0,102.0,71,81,73.0,71.0,77.0,127.0,1365.0
2025-04-26,67,64,54.0,77.0,103.0,62.0,129.0,207.0,102.0,71,81,73.0,71.0,77.0,127.0,1365.0
2025-04-27,70,67,54.0,77.0,103.0,62.0,129.0,207.0,102.0,71,82,76.0,71.0,81.0,127.0,1379.0
2025-04-28,79,76,54.0,77.0,103.0,62.0,132.0,215.0,103.0,71,85,92.0,73.0,91.0,133.0,1446.0
2025-04-29,80,76,54.0,80.0,104.0,62.0,132.0,215.0,103.0,71,85,92.0,73.0,100.0,137.0,1464.0
2025-04-30,80,76,54.0,80.0,104.0,62.0,133.0,215.0,103.0,71,85,92.0,73.0,100.0,137.0,1465.0
2025-05-01,81,76,54.0,80.0,104.0,62.0,138.0,230.0,106.0,72,85,92.0,73.0,100.0,137.0,1490.0
2025-05-02,81,76,54.0,80.0,104.0,62.0,138.0,233.0,106.0,72,85,92.0,73.0,100.0,137.0,1493.0
2025-05-03,82,77,54.0,81.0,105.0,62.0,142.0,236.0,111.0,73,86,92.0,74.0,100.0,137.0,1512.0
2025-05-04,82,77,54.0,81.0,105.0,62.0,145.0,239.0,112.0,73,86,92.0,74.0,100.0,137.0,1519.0
2025-05-05,82,77,54.0,81.0,105.0,62.0,148.0,239.0,112.0,73,86,92.0,74.0,100.0,137.0,1522.0
2025-05-06,82,77,54.0,81.0,105.0,62.0,148.0,239.0,112.0,73,86,93.0,74.0,100.0,137.0,1523.0
2025-05-07,82,77,54.0,81.0,105.0,62.0,148.0,239.0,112.0,73,86,93.0,74.0,100.0,137.0,1523.0
2025-05-08,82,77,54.0,81.0,105.0,62.0,148.0,240.0,112.0,73,86,93.0,74.0,100.0,137.0,1524.0
2025-05-09,83,78,54.0,82.0,106.0,62.0,148.0,240.0,112.0,74,87,93.0,75.0,101.0,137.0,1532.0
2025-05-10,83,78,54.0,82.0,106.0,62.0,148.0,240.0,112.0,74,87,93.0,75.0,101.0,137.0,1532.0
2025-05-11,83,78,54.0,82.0,106.0,62.0,152.0,240.0,112.0,74,87,93.0,75.0,101.0,137.0,1536.0
2025-05-12,83,78,54.0,82.0,106.0,62.0,156.0,240.0,112.0,74,87,93.0,76.0,101.0,137.0,1541.0
2025-05-13,83,78,54.0,82.0,106.0,62.0,156.0,240.0,112.0,74,87,93.0,76.0,102.0,137.0,1542.0
2025-05-14,84,78,54.0,83.0,106.0,62.0,158.0,240.0,112.0,74,87,93.0,76.0,102.0,137.0,1546.0
2025-05-15,85,79,54.0,84.0,106.0,62.0,159.0,240.0,112.0,75,87,93.0,77.0,104.0,137.0,1554.0
2025-05-16,85,79,54.0,84.0,107.0,62.0,164.0,240.0,113.0,75,88,93.0,78.0,104.0,137.0,1563.0
2025-05-17,88,79,54.0,84.0,107.0,62.0,164.0,240.0,113.0,75,88,93.0,78.0,104.0,137.0,1566.0
2025-05-18,88,79,54.0,84.0,107.0,62.0,164.0,240.0,113.0,75,88,93.0,78.0,104.0,137.0,1566.0
2025-05-19,88,79,54.0,84.0,107.0,62.0,164.0,240.0,113.0,75,88,93.0,78.0,104.0,137.0,1566.0
2025-05-20,88,79,54.0,84.0,107.0,62.0,166.0,240.0,113.0,75,88,93.0,78.0,104.0,137.0,1568.0
2025-05-21,88,79,54.0,84.0,107.0,62.0,170.0,241.0,117.0,75,89,93.0,78.0,104.0,137.0,1578.0
2025-05-22,88,79,54.0,84.0,107.0,62.0,170.0,241.0,118.0,75,89,93.0,78.0,104.0,140.0,1582.0
2025-05-23,88,79,54.0,84.0,107.0,62.0,174.0,244.0,120.0,75,89,93.0,78.0,104.0,143.0,1594.0
2025-05-24,88,79,54.0,84.0,107.0,62.0,174.0,244.0,120.0,75,89,93.0,78.0,104.0,145.0,1596.0
2025-05-25,88,79,54.0,84.0,107.0,62.0,178.0,244.0,124.0,75,89,93.0,78.0,104.0,146.0,1605.0
2025-05-26,88,79,54.0,84.0,107.0,64.0,181.0,244.0,127.0,75,89,95.0,78.0,104.0,146.0,1615.0
2025-05-27,89,79,54.0,85.0,107.0,66.0,182.0,247.0,129.0,76,90,97.0,79.0,104.0,146.0,1630.0
2025-05-28,89,79,54.0,86.0,108.0,66.0,184.0,247.0,129.0,76,90,97.0,82.0,104.0,148.0,1639.0
2025-05-29,89,81,57.0,86.0,109.0,68.0,186.0,252.0,134.0,77,91,97.0,82.0,104.0,148.0,1661.0
2025-05-30,91,81,57.0,87.0,109.0,69.0,187.0,254.0,134.0,78,91,99.0,82.0,106.0,149.0,1674.0
2025-05-31,91,81,58.0,87.0,109.0,69.0,187.0,254.0,134.0,78,92,99.0,82.0,106.0,149.0,1676.0
2025-06-01,91,81,58.0,87.0,109.0,69.0,187.0,254.0,135.0,78,93,99.0,82.0,106.0,150.0,1679.0
2025-06-02,92,81,59.0,87.0,109.0,70.0,187.0,256.0,137.0,78,93,101.0,82.0,106.0,151.0,1689.0
2025-06-03,92,81,61.0,87.0,109.0,71.0,187.0,256.0,142.0,78,93,102.0,82.0,106.0,157.0,1704.0
2025-06-04,92,81,62.0,87.0,109.0,73.0,187.0,256.0,145.0,78,93,104.0,83.0,107.0,159.0,1716.0
2025-06-05,92,81,62.0,87.0,109.0,73.0,189.0,259.0,146.0,78,93,104.0,83.0,107.0,159.0,1722.0
2025-06-06,92,81,62.0,87.0,110.0,73.0,189.0,260.0,146.0,78,94,105.0,83.0,108.0,159.0,1727.0
2025-06-07,92,81,62.0,87.0,110.0,73.0,189.0,260.0,146.0,78,94,105.0,83.0,108.0,159.0,1727.0
2025-06-08,92,81,62.0,87.0,110.0,73.0,189.0,260.0,146.0,78,94,105.0,83.0,108.0,159.0,1727.0
2025-06-09,92,81,62.0,87.0,110.0,73.0,189.0,260.0,146.0,78,94,105.0,83.0,108.0,159.0,1727.0
2025-06-10,92,81,62.0,87.0,110.0,73.0,189.0,260.0,146.0,78,94,105.0,83.0,108.0,161.0,1729.0
2025-06-11,92,81,62.0,87.0,110.0,73.0,190.0,260.0,146.0,78,94,105.0,83.0,108.0,161.0,1730.0
2025-06-12,92,81,62.0,87.0,110.0,73.0,190.0,260.0,146.0,78,95,105.0,83.0,108.0,162.0,1732.0
2025-06-13,93,81,62.0,87.0,110.0,73.0,190.0,260.0,146.0,80,95,105.0,84.0,109.0,162.0,1737.0
2025-06-14,93,81,62.0,87.0,110.0,73.0,190.0,260.0,146.0,80,96,105.0,84.0,109.0,162.0,1738.0
2025-06-15,93,81,62.0,87.0,110.0,73.0,190.0,260.0,146.0,80,96,105.0,84.0,109.0,162.0,1738.0
2025-06-16,94,81,62.0,87.0,110.0,73.0,190.0,260.0,146.0,80,98,105.0,84.0,109.0,162.0,1741.0
2025-06-17,94,81,62.0,90.0,110.0,73.0,191.0,263.0,147.0,83,100,109.0,84.0,109.0,163.0,1759.0
2025-06-18,96,81,62.0,90.0,115.0,74.0,197.0,266.0,149.0,86,103,109.0,84.0,112.0,169.0,1793.0
2025-06-19,96,81,65.0,90.0,116.0,76.0,197.0,271.0,153.0,86,103,109.0,87.0,115.0,172.0,1817.0
2025-06-20,99,85,67.0,92.0,116.0,76.0,204.0,275.0,159.0,88,105,109.0,88.0,115.0,173.0,1851.0
2025-06-21,102,85,67.0,92.0,116.0,80.0,204.0,275.0,159.0,88,105,112.0,91.0,115.0,179.0,1870.0
2025-06-22,102,85,70.0,98.0,116.0,83.0,204.0,278.0,159.0,88,108,112.0,92.0,115.0,179.0,1889.0
2025-06-23,104,88,71.0,98.0,116.0,84.0,205.0,279.0,159.0,88,110,113.0,92.0,115.0,181.0,1903.0
2025-06-24,104,88,72.0,98.0,116.0,84.0,205.0,279.0,160.0,88,110,113.0,92.0,115.0,182.0,1906.0
2025-06-25,104,88,72.0,101.0,119.0,84.0,208.0,279.0,160.0,91,111,113.0,92.0,115.0,182.0,1919.0
2025-06-26,105,88,72.0,101.0,119.0,90.0,210.0,279.0,162.0,91,118,113.0,92.0,118.0,183.0,1941.0
2025-06-27,106,91,72.0,103.0,119.0,90.0,219.0,279.0,162.0,94,118,113.0,94.0,118.0,184.0,1962.0
2025-06-28,106,91,72.0,103.0,119.0,90.0,221.0,279.0,162.0,97,118,113.0,94.0,119.0,184.0,1968.0
2025-06-29,106,91,72.0,103.0,119.0,90.0,224.0,279.0,162.0,97,118,113.0,95.0,119.0,188.0,1976.0
2025-06-30,106,92,72.0,103.0,119.0,90.0,228.0,281.0,162.0,98,119,113.0,97.0,120.0,190.0,1990.0
2025-07-01,110,93,76.0,107.0,120.0,91.0,229.0,287.0,163.0,100,120,114.0,101.0,121.0,194.0,2026.0
2025-07-02,110,93,76.0,107.0,123.0,91.0,229.0,288.0,166.0,100,120,114.0,101.0,121.0,194.0,2033.0
2025-07-03,112,95,78.0,109.0,125.0,96.0,234.0,290.0,168.0,102,123,117.0,103.0,124.0,196.0,2072.0
2025-07-04,115,96,79.0,110.0,126.0,97.0,235.0,291.0,175.0,103,124,118.0,104.0,126.0,197.0,2096.0
2025-07-05,115,96,79.0,110.0,126.0,97.0,235.0,291.0,175.0,103,124,118.0,104.0,126.0,197.0,2096.0
2025-07-06,115,96,79.0,110.0,126.0,97.0,235.0,291.0,175.0,104,124,118.0,104.0,126.0,197.0,2097.0
2025-07-07,115,96,79.0,110.0,126.0,97.0,239.0,291.0,175.0,104,124,118.0,104.0,128.0,197.0,2103.0
2025-07-08,119,96,80.0,110.0,126.0,98.0,249.0,295.0,179.0,108,128,118.0,109.0,128.0,197.0,2140.0
2025-07-09,119,96,81.0,111.0,126.0,99.0,250.0,303.0,179.0,110,128,119.0,109.0,128.0,199.0,2157.0
2025-07-10,119,96,81.0,112.0,126.0,100.0,252.0,303.0,179.0,112,128,120.0,109.0,128.0,199.0,2164.0
2025-07-11,120,97,82.0,113.0,127.0,101.0,256.0,307.0,181.0,116,136,124.0,110.0,129.0,202.0,2201.0
2025-07-12,121,98,83.0,114.0,129.0,102.0,257.0,308.0,182.0,117,137,125.0,111.0,130.0,205.0,2219.0
2025-07-13,121,98,83.0,114.0,129.0,102.0,257.0,308.0,182.0,117,137,125.0,111.0,130.0,205.0,2219.0
2025-07-14,122,98,83.0,114.0,129.0,102.0,259.0,312.0,182.0,119,137,125.0,111.0,130.0,206.0,2229.0
2025-07-15,122,98,83.0,114.0,130.0,102.0,262.0,313.0,182.0,119,137,126.0,111.0,136.0,207.0,2242.0
2025-07-16,124,98,84.0,115.0,130.0,102.0,263.0,313.0,182.0,119,137,126.0,113.0,136.0,207.0,2249.0
2025-07-17,125,98,84.0,116.0,130.0,102.0,266.0,317.0,184.0,120,137,126.0,115.0,136.0,207.0,2263.0
2025-07-18,125,99,85.0,116.0,131.0,102.0,267.0,318.0,184.0,120,138,126.0,115.0,138.0,207.0,2271.0
2025-07-19,125,99,85.0,116.0,131.0,102.0,267.0,318.0,184.0,120,138,126.0,115.0,138.0,207.0,2271.0
2025-07-20,125,101,85.0,116.0,133.0,102.0,270.0,321.0,184.0,120,139,126.0,115.0,140.0,207.0,2284.0
2025-07-21,125,101,85.0,116.0,133.0,102.0,272.0,321.0,184.0,120,140,126.0,115.0,140.0,207.0,2287.0
2025-07-22,126,101,85.0,118.0,133.0,103.0,273.0,322.0,184.0,120,140,126.0,116.0,141.0,208.0,2296.0
2025-07-23,126,101,85.0,118.0,133.0,103.0,274.0,322.0,184.0,120,140,126.0,116.0,141.0,208.0,2297.0
2025-07-24,126,101,85.0,118.0,133.0,103.0,277.0,322.0,184.0,121,140,126.0,117.0,141.0,208.0,2302.0
2025-07-25,126,101,85.0,118.0,133.0,103.0,278.0,322.0,184.0,121,140,126.0,119.0,141.0,208.0,2305.0
2025-07-26,126,101,85.0,118.0,133.0,103.0,278.0,322.0,184.0,121,140,126.0,119.0,141.0,208.0,2305.0
2025-07-27,126,101,85.0,118.0,133.0,103.0,278.0,322.0,184.0,121,140,126.0,119.0,141.0,208.0,2305.0
2025-07-28,126,101,85.0,118.0,133.0,103.0,278.0,322.0,185.0,121,140,126.0,120.0,141.0,208.0,2307.0
2025-07-29,126,101,85.0,118.0,133.0,103.0,293.0,322.0,185.0,121,140,126.0,120.0,141.0,208.0,2322.0
2025-07-30,127,101,85.0,123.0,133.0,103.0,294.0,322.0,185.0,122,141,126.0,121.0,141.0,208.0,2332.0
2025-07-31,128,101,90.0,123.0,133.0,106.0,298.0,322.0,190.0,122,141,128.0,122.0,141.0,211.0,2356.0
2025-08-01,128,101,90.0,123.0,133.0,106.0,299.0,322.0,191.0,122,141,128.0,122.0,143.0,211.0,2360.0
2025-08-02,128,101,90.0,123.0,133.0,106.0,300.0,322.0,192.0,122,141,128.0,122.0,144.0,211.0,2363.0
2025-08-03,128,101,90.0,124.0,133.0,106.0,301.0,322.0,192.0,123,141,129.0,122.0,144.0,212.0,2368.0
2025-08-04,128,101,90.0,124.0,133.0,106.0,302.0,322.0,192.0,123,141,129.0,122.0,144.0,212.0,2369.0
2025-08-05,128,101,90.0,124.0,133.0,106.0,302.0,322.0,193.0,123,141,129.0,122.0,145.0,212.0,2371.0
2025-08-06,128,101,90.0,124.0,133.0,106.0,306.0,323.0,197.0,123,141,131.0,122.0,145.0,212.0,2382.0
2025-08-07,128,101,90.0,125.0,133.0,106.0,307.0,323.0,197.0,123,141,131.0,122.0,145.0,212.0,2384.0
2025-08-08,132,101,90.0,126.0,133.0,106.0,308.0,325.0,197.0,123,141,131.0,123.0,146.0,213.0,2395.0
2025-08-09,133,101,90.0,126.0,133.0,106.0,308.0,325.0,197.0,123,141,131.0,123.0,146.0,213.0,2396.0
2025-08-10,133,101,90.0,126.0,133.0,106.0,308.0,325.0,197.0,124,141,131.0,123.0,146.0,213.0,2397.0
2025-08-11,133,101,90.0,126.0,133.0,106.0,308.0,325.0,198.0,124,141,131.0,123.0,146.0,213.0,2398.0
2025-08-12,133,101,90.0,126.0,133.0,106.0,311.0,325.0,198.0,124,141,131.0,123.0,146.0,213.0,2401.0
2025-08-13,133,101,90.0,127.0,133.0,106.0,311.0,325.0,198.0,124,142,131.0,123.0,146.0,213.0,2403.0
2025-08-14,133,101,90.0,127.0,133.0,106.0,311.0,325.0,198.0,124,142,132.0,124.0,146.0,213.0,2405.0
2025-08-15,133,101,90.0,127.0,133.0,106.0,312.0,325.0,201.0,124,142,132.0,124.0,147.0,214.0,2411.0
2025-08-16,133,101,90.0,127.0,133.0,106.0,312.0,326.0,201.0,124,142,132.0,124.0,147.0,214.0,2412.0
2025-08-17,133,102,90.0,127.0,133.0,106.0,312.0,327.0,201.0,124,142,132.0,124.0,148.0,214.0,2415.0
2025-08-18,134,103,91.0,128.0,134.0,107.0,313.0,328.0,202.0,125,143,133.0,125.0,149.0,215.0,2430.0
2025-08-19,134,103,91.0,128.0,134.0,107.0,313.0,330.0,205.0,125,143,133.0,127.0,149.0,215.0,2437.0
2025-08-20,134,103,91.0,128.0,134.0,107.0,315.0,330.0,206.0,125,143,133.0,127.0,149.0,215.0,2440.0
2025-08-21,136,103,91.0,128.0,134.0,107.0,317.0,331.0,207.0,126,143,133.0,127.0,149.0,215.0,2447.0
2025-08-22,136,103,91.0,128.0,134.0,107.0,317.0,332.0,207.0,126,144,134.0,127.0,149.0,215.0,2450.0
2025-08-23,138,103,92.0,129.0,135.0,108.0,321.0,333.0,208.0,126,145,136.0,129.0,149.0,216.0,2468.0
2025-08-24,138,103,92.0,130.0,135.0,108.0,322.0,333.0,208.0,126,146,136.0,129.0,149.0,216.0,2471.0
2025-08-25,138,103,92.0,130.0,135.0,108.0,322.0,333.0,208.0,126,146,136.0,129.0,149.0,216.0,2471.0
2025-08-26,139,103,92.0,131.0,136.0,108.0,324.0,333.0,208.0,126,146,136.0,130.0,149.0,216.0,2477.0
2025-08-27,139,104,93.0,131.0,136.0,109.0,324.0,334.0,208.0,128,146,137.0,132.0,150.0,217.0,2488.0
2025-08-28,139,104,93.0,131.0,136.0,109.0,324.0,335.0,209.0,128,146,137.0,134.0,151.0,217.0,2493.0
2025-08-29,140,104,93.0,131.0,136.0,109.0,324.0,336.0,209.0,129,148,137.0,134.0,151.0,217.0,2498.0
2025-08-30,141,104,93.0,131.0,136.0,109.0,325.0,336.0,209.0,129,148,137.0,135.0,151.0,217.0,2501.0
2025-08-31,141,105,94.0,132.0,138.0,110.0,326.0,337.0,210.0,130,149,138.0,135.0,152.0,218.0,2515.0
2025-09-01,141,105,94.0,132.0,138.0,110.0,326.0,340.0,210.0,130,149,138.0,135.0,152.0,218.0,2518.0
2025-09-02,141,105,94.0,132.0,138.0,110.0,328.0,342.0,210.0,130,149,138.0,135.0,152.0,218.0,2522.0
2025-09-03,141,105,94.0,132.0,138.0,110.0,328.0,343.0,211.0,130,149,138.0,135.0,152.0,218.0,2524.0
2025-09-04,141,105,94.0,132.0,138.0,110.0,328.0,348.0,211.0,130,149,138.0,135.0,152.0,218.0,2529.0
2025-09-05,141,105,94.0,132.0,138.0,110.0,329.0,348.0,211.0,130,149,139.0,135.0,152.0,218.0,2531.0
2025-09-06,141,105,94.0,132.0,138.0,110.0,330.0,348.0,211.0,130,149,139.0,135.0,152.0,219.0,2533.0
2025-09-07,141,105,94.0,132.0,138.0,110.0,330.0,348.0,211.0,130,149,139.0,135.0,152.0,219.0,2533.0
2025-09-08,141,105,94.0,132.0,138.0,110.0,330.0,348.0,211.0,131,149,139.0,135.0,152.0,219.0,2534.0
2025-09-09,141,105,94.0,132.0,138.0,110.0,331.0,348.0,211.0,131,149,139.0,137.0,152.0,219.0,2537.0
2025-09-10,143,107,95.0,133.0,139.0,111.0,337.0,349.0,212.0,132,150,140.0,140.0,153.0,220.0,2561.0
2025-09-11,143,107,95.0,133.0,139.0,111.0,337.0,349.0,212.0,132,150,140.0,141.0,154.0,220.0,2563.0
2025-09-12,143,107,95.0,133.0,139.0,111.0,337.0,349.0,212.0,132,150,140.0,142.0,154.0,220.0,2564.0
2025-09-13,143,107,95.0,133.0,139.0,111.0,338.0,349.0,212.0,132,150,140.0,143.0,154.0,220.0,2566.0
2025-09-14,143,107,95.0,133.0,140.0,111.0,338.0,349.0,214.0,132,150,141.0,143.0,154.0,220.0,2570.0
2025-09-15,144,108,95.0,134.0,141.0,111.0,340.0,353.0,217.0,132,151,141.0,143.0,154.0,221.0,2585.0
2025-09-16,145,108,95.0,134.0,141.0,111.0,340.0,355.0,218.0,132,151,143.0,144.0,154.0,226.0,2597.0
2025-09-17,147,111,96.0,138.0,144.0,113.0,342.0,358.0,221.0,135,152,145.0,149.0,155.0,229.0,2635.0
2025-09-18,147,111,96.0,138.0,144.0,113.0,346.0,361.0,221.0,135,152,146.0,150.0,156.0,229.0,2645.0
2025-09-19,147,112,97.0,139.0,144.0,113.0,349.0,362.0,222.0,136,153,146.0,150.0,156.0,230.0,2656.0
2025-09-20,147,112,97.0,139.0,144.0,115.0,349.0,362.0,222.0,136,153,146.0,150.0,156.0,230.0,2658.0
2025-09-21,147,112,97.0,139.0,144.0,115.0,349.0,362.0,222.0,136,153,147.0,150.0,156.0,230.0,2659.0
2025-09-22,148,112,99.0,140.0,144.0,116.0,351.0,362.0,223.0,137,153,148.0,151.0,157.0,239.0,2680.0
2025-09-23,148,112,99.0,142.0,146.0,116.0,351.0,362.0,223.0,137,153,148.0,154.0,157.0,241.0,2689.0
2025-09-24,150,113,100.0,143.0,148.0,120.0,354.0,371.0,226.0,139,154,149.0,155.0,162.0,245.0,2729.0
2025-09-25,151,113,101.0,145.0,148.0,120.0,361.0,374.0,227.0,140,154,149.0,157.0,163.0,248.0,2751.0
2025-09-26,155,113,101.0,150.0,153.0,120.0,365.0,374.0,228.0,143,155,149.0,163.0,167.0,248.0,2784.0
2025-09-27,156,114,101.0,150.0,156.0,120.0,367.0,376.0,228.0,143,157,150.0,163.0,167.0,248.0,2796.0
2025-09-28,156,115,101.0,150.0,157.0,120.0,367.0,376.0,228.0,143,160,150.0,163.0,175.0,248.0,2809.0
2025-09-29,156,116,101.0,150.0,158.0,120.0,367.0,377.0,228.0,144,165,150.0,163.0,177.0,249.0,2821.0
2025-09-30,158,117,103.0,152.0,158.0,121.0,372.0,378.0,229.0,145,170,150.0,165.0,182.0,249.0,2849.0
2025-10-01,158,123,104.0,152.0,159.0,122.0,373.0,378.0,230.0,145,171,151.0,165.0,182.0,250.0,2863.0
2025-10-02,158,123,105.0,152.0,159.0,123.0,373.0,381.0,233.0,145,172,152.0,165.0,186.0,253.0,2880.0
2025-10-03,159,124,105.0,153.0,160.0,125.0,374.0,383.0,238.0,146,174,152.0,166.0,186.0,261.0,2906.0
2025-10-04,162,126,107.0,154.0,162.0,127.0,378.0,388.0,240.0,148,177,155.0,170.0,191.0,267.0,2952.0
2025-10-05,167,126,114.0,154.0,163.0,133.0,379.0,388.0,242.0,148,178,161.0,175.0,192.0,279.0,2999.0
2025-10-06,169,127,116.0,157.0,163.0,134.0,381.0,389.0,243.0,150,179,162.0,177.0,194.0,286.0,3027.0
2025-10-07,170,128,120.0,158.0,163.0,134.0,388.0,391.0,245.0,151,179,163.0,179.0,195.0,295.0,3059.0
2025-10-08,174,133,121.0,159.0,168.0,135.0,403.0,408.0,251.0,153,186,165.0,180.0,202.0,304.0,3142.0
2025-10-09,175,137,121.0,166.0,171.0,136.0,404.0,418.0,253.0,154,192,165.0,182.0,210.0,313.0,3197.0
2025-10-10,176,141,123.0,175.0,173.0,137.0,409.0,419.0,254.0,155,193,169.0,185.0,211.0,322.0,3242.0
2025-10-11,177,141,123.0,176.0,173.0,138.0,417.0,421.0,256.0,157,195,170.0,186.0,211.0,330.0,3271.0
2025-10-12,177,141,124.0,177.0,174.0,139.0,418.0,421.0,257.0,157,198,170.0,186.0,212.0,339.0,3290.0
2025-10-13,182,141,124.0,179.0,174.0,139.0,419.0,421.0,257.0,162,198,170.0,188.0,213.0,348.0,3315.0
2025-10-14,183,142,124.0,181.0,175.0,140.0,421.0,423.0,258.0,165,199,172.0,189.0,214.0,354.0,3340.0
2025-10-15,185,144,129.0,184.0,178.0,141.0,422.0,426.0,260.0,166,202,174.0,190.0,223.0,358.0,3382.0
2025-10-16,185,144,130.0,185.0,178.0,142.0,423.0,426.0,261.0,166,204,174.0,194.0,224.0,359.0,3395.0
2025-10-17,186,145,130.0,188.0,179.0,142.0,425.0,428.0,261.0,184,205,174.0,195.0,225.0,360.0,3427.0
2025-10-18,188,146,132.0,190.0,180.0,144.0,432.0,428.0,262.0,186,207,179.0,195.0,227.0,362.0,3458.0
2025-10-19,188,146,133.0,193.0,181.0,145.0,440.0,430.0,265.0,187,208,180.0,197.0,229.0,364.0,3486.0
2025-10-20,189,146,135.0,195.0,183.0,147.0,444.0,435.0,269.0,191,212,183.0,199.0,233.0,367.0,3528.0
2025-10-21,189,150,136.0,195.0,189.0,147.0,450.0,446.0,273.0,192,218,183.0,201.0,236.0,372.0,3577.0
2025-10-22,190,152,136.0,196.0,191.0,148.0,454.0,453.0,276.0,198,221,184.0,202.0,237.0,378.0,3616.0
2025-10-23,190,155,139.0,196.0,195.0,150.0,459.0,459.0,278.0,206,223,185.0,204.0,241.0,386.0,3666.0
2025-10-24,193,159,142.0,199.0,198.0,153.0,462.0,467.0,285.0,207,225,192.0,207.0,243.0,398.0,3730.0
2025-10-25,194,161,143.0,202.0,198.0,153.0,463.0,470.0,285.0,211,227,192.0,207.0,244.0,399.0,3749.0
2025-10-26,196,161,143.0,202.0,198.0,153.0,463.0,472.0,285.0,213,229,194.0,209.0,245.0,403.0,3766.0
2025-10-27,197,161,143.0,203.0,199.0,154.0,464.0,473.0,285.0,213,233,194.0,210.0,248.0,404.0,3781.0
2025-10-28,198,164,144.0,203.0,200.0,155.0,471.0,478.0,291.0,214,234,195.0,213.0,249.0,406.0,3815.0
2025-10-29,198,164,145.0,211.0,201.0,163.0,473.0,479.0,291.0,215,240,201.0,213.0,250.0,406.0,3850.0
2025-10-30,201,166,147.0,214.0,203.0,166.0,481.0,481.0,294.0,220,243,203.0,217.0,253.0,413.0,3902.0
2025-10-31,205,167,150.0,218.0,205.0,168.0,484.0,481.0,298.0,223,244,209.0,220.0,256.0,421.0,3949.0
2025-11-01,208,167,150.0,220.0,207.0,169.0,484.0,481.0,298.0,224,244,209.0,220.0,256.0,421.0,3958.0
2025-11-02,211,167,150.0,221.0,207.0,169.0,485.0,482.0,298.0,227,246,209.0,221.0,256.0,422.0,3971.0
2025-11-03,211,167,150.0,221.0,207.0,169.0,487.0,484.0,301.0,228,246,210.0,221.0,256.0,422.0,3980.0
2025-11-04,212,170,151.0,222.0,208.0,169.0,488.0,486.0,301.0,230,251,215.0,223.0,265.0,422.0,4013.0
2025-11-05,214,171,155.0,223.0,209.0,173.0,493.0,487.0,303.0,231,253,217.0,224.0,267.0,426.0,4046.0
2025-11-06,214,174,156.0,223.0,211.0,174.0,493.0,492.0,304.0,232,256,218.0,225.0,270.0,430.0,4072.0
2025-11-07,214,174,156.0,225.0,212.0,174.0,494.0,492.0,304.0,233,256,219.0,225.0,271.0,430.0,4079.0
2025-11-08,215,174,157.0,225.0,213.0,174.0,494.0,492.0,304.0,235,258,220.0,284.0,271.0,430.0,4146.0
2025-11-09,215,177,157.0,227.0,215.0,174.0,494.0,495.0,304.0,236,262,221.0,284.0,271.0,431.0,4163.0
2025-11-10,216,178,158.0,227.0,217.0,174.0,498.0,496.0,305.0,236,262,221.0,287.0,272.0,432.0,4179.0
2025-11-11,216,178,160.0,229.0,218.0,175.0,498.0,496.0,307.0,236,262,222.0,289.0,272.0,433.0,4191.0
2025-11-12,220,179,160.0,231.0,220.0,175.0,499.0,507.0,307.0,237,264,224.0,292.0,274.0,434.0,4223.0
2025-11-13,221,179,160.0,232.0,220.0,175.0,501.0,512.0,307.0,237,269,225.0,292.0,274.0,434.0,4238.0
2025-11-14,223,179,160.0,234.0,220.0,176.0,504.0,513.0,307.0,240,277,225.0,296.0,274.0,434.0,4262.0
2025-11-15,223,180,161.0,234.0,220.0,176.0,504.0,514.0,310.0,240,277,225.0,296.0,274.0,437.0,4271.0
2025-11-16,226,181,162.0,247.0,222.0,178.0,504.0,515.0,312.0,240,281,226.0,296.0,276.0,442.0,4308.0
2025-11-17,226,181,162.0,249.0,222.0,178.0,508.0,517.0,312.0,241,283,226.0,297.0,276.0,442.0,4320.0
2025-11-18,227,181,162.0,249.0,227.0,178.0,508.0,517.0,313.0,242,283,226.0,298.0,276.0,444.0,4331.0
2025-11-19,227,182,162.0,249.0,227.0,179.0,509.0,519.0,314.0,242,285,226.0,299.0,276.0,448.0,4344.0
2025-11-20,229,183,164.0,251.0,229.0,181.0,512.0,523.0,326.0,246,286,232.0,302.0,278.0,452.0,4394.0
2025-11-21,229,184,165.0,252.0,229.0,181.0,513.0,523.0,328.0,247,286,234.0,302.0,278.0,454.0,4405.0
2025-11-22,230,184,165.0,252.0,229.0,181.0,516.0,523.0,328.0,248,286,234.0,302.0,278.0,455.0,4411.0
2025-11-23,230,184,165.0,253.0,229.0,181.0,516.0,524.0,328.0,248,286,235.0,302.0,278.0,456.0,4415.0
2025-11-24,232,185,166.0,254.0,230.0,182.0,518.0,529.0,331.0,251,288,239.0,304.0,281.0,461.0,4451.0
2025-11-25,234,185,166.0,254.0,230.0,182.0,522.0,531.0,332.0,251,289,240.0,306.0,283.0,462.0,4467.0
2025-11-26,234,187,166.0,257.0,235.0,182.0,523.0,532.0,332.0,251,290,243.0,311.0,286.0,468.0,4497.0
2025-11-27,235,187,167.0,259.0,235.0,184.0,529.0,536.0,338.0,252,290,244.0,313.0,287.0,469.0,4525.0
2025-11-28,236,187,167.0,259.0,235.0,184.0,529.0,537.0,338.0,252,290,244.0,313.0,288.0,469.0,4528.0
2025-11-29,237,187,167.0,261.0,235.0,184.0,531.0,538.0,338.0,253,290,244.0,314.0,288.0,470.0,4537.0
2025-11-30,237,187,167.0,261.0,235.0,184.0,531.0,539.0,340.0,253,290,244.0,315.0,288.0,477.0,4548.0
2025-12-01,237,188,167.0,261.0,235.0,188.0,533.0,541.0,341.0,254,290,244.0,316.0,288.0,478.0,4561.0
2025-12-02,238,188,167.0,262.0,236.0,188.0,533.0,542.0,342.0,255,293,244.0,316.0,289.0,479.0,4572.0
2025-12-03,238,190,167.0,262.0,244.0,190.0,538.0,547.0,347.0,257,293,244.0,316.0,292.0,479.0,4604.0
2025-12-04,238,190,167.0,262.0,246.0,190.0,541.0,548.0,347.0,257,293,244.0,317.0,292.0,480.0,4612.0
2025-12-05,238,190,167.0,262.0,246.0,190.0,542.0,549.0,347.0,262,297,245.0,318.0,295.0,481.0,4629.0
2025-12-06,238,191,167.0,262.0,246.0,190.0,542.0,550.0,347.0,262,297,245.0,318.0,295.0,482.0,4632.0
2025-12-07,238,191,167.0,262.0,249.0,190.0,542.0,550.0,347.0,263,299,246.0,320.0,296.0,484.0,4644.0
2025-12-08,238,191,167.0,263.0,249.0,190.0,543.0,731.0,348.0,263,300,246.0,320.0,296.0,487.0,4832.0
2025-12-09,238,191,167.0,264.0,249.0,190.0,543.0,734.0,348.0,264,301,246.0,320.0,296.0,487.0,4838.0
2025-12-10,238,191,167.0,265.0,249.0,190.0,543.0,736.0,348.0,264,301,246.0,320.0,300.0,487.0,4845.0
2025-12-11,238,191,167.0,265.0,249.0,190.0,543.0,738.0,348.0,264,302,246.0,322.0,303.0,489.0,4855.0
2025-12-12,238,192,167.0,265.0,249.0,190.0,543.0,742.0,348.0,264,302,246.0,322.0,303.0,492.0,4863.0
2025-12-13,238,192,167.0,265.0,249.0,190.0,543.0,945.0,348.0,264,302,246.0,322.0,303.0,492.0,5066.0
2025-12-14,238,193,167.0,266.0,249.0,190.0,543.0,946.0,348.0,265,302,246.0,322.0,303.0,492.0,5070.0
2025-12-15,241,193,168.0,266.0,252.0,191.0,544.0,947.0,348.0,266,306,246.0,323.0,304.0,492.0,5087.0
2025-12-16,241,193,169.0,266.0,252.0,191.0,545.0,949.0,349.0,266,306,247.0,323.0,304.0,492.0,5093.0
2025-12-17,241,193,169.0,266.0,252.0,191.0,545.0,951.0,349.0,266,306,247.0,323.0,304.0,493.0,5096.0
