date,clone_count
2026-06-23,0
2026-06-24,0
2026-06-25,0
2026-06-26,0
2026-06-27,0
2026-06-28,0
2026-06-29,0
2026-06-30,0
2026-07-01,0
2026-07-02,0
2026-07-03,0
2026-07-04,0
2026-07-05,0
2026-07-06,0
2026-07-07,6
2026-07-08,0
2026-07-09,1
2026-07-10,2
2026-07-11,0
2026-07-12,1
2026-07-13,0
2026-07-14,1
2026-07-15,0
2026-07-16,0
2026-07-17,0
2026-07-18,0
2026-07-19,0
2026-07-20,0
2026-07-21,0
2026-07-22,0
2026-07-23,1
2026-07-24,0
2026-07-25,0
2026-07-26,0
2026-07-27,0
2026-07-28,1
2026-07-29,0
2026-07-30,0
2026-07-31,0
2026-08-01,0
2026-08-02,0
2026-08-03,0
2026-08-04,0
2026-08-05,0
2026-08-06,1
2026-08-07,0
2026-08-08,0
2026-08-09,0
2026-08-10,3
2026-08-11,1
2026-08-12,0
2026-08-13,0
